-- Wstawienie danych do tabeli FAKTURY
INSERT INTO FAKTURY (FA_ID, FA_NUMER, FA_DATA_WYSTAWIENIA, FA_OPIS, FA_KOD_KLIENTA) VALUES (1, 'F001', DATE '2024-01-01', 'Faktura za usługi', 1001);
INSERT INTO FAKTURY (FA_ID, FA_NUMER, FA_DATA_WYSTAWIENIA, FA_OPIS, FA_KOD_KLIENTA) VALUES (2, 'F002', DATE '2024-01-02', 'Faktura za towary', 1002);
INSERT INTO FAKTURY (FA_ID, FA_NUMER, FA_DATA_WYSTAWIENIA, FA_OPIS, FA_KOD_KLIENTA) VALUES (3, 'F003', DATE '2024-01-03', 'Faktura hurtowa', 1003);
INSERT INTO FAKTURY (FA_ID, FA_NUMER, FA_DATA_WYSTAWIENIA, FA_OPIS, FA_KOD_KLIENTA) VALUES (4, 'F004', DATE '2024-01-04', 'Sprzedaż detaliczna', 1004);
INSERT INTO FAKTURY (FA_ID, FA_NUMER, FA_DATA_WYSTAWIENIA, FA_OPIS, FA_KOD_KLIENTA) VALUES (5, 'F005', DATE '2024-01-05', 'Sprzedaż online', 1005);
INSERT INTO FAKTURY (FA_ID, FA_NUMER, FA_DATA_WYSTAWIENIA, FA_OPIS, FA_KOD_KLIENTA) VALUES (6, 'F006', DATE '2024-01-06', 'Usługi serwisowe', 1006);
INSERT INTO FAKTURY (FA_ID, FA_NUMER, FA_DATA_WYSTAWIENIA, FA_OPIS, FA_KOD_KLIENTA) VALUES (7, 'F007', DATE '2024-01-07', 'Naprawa sprzętu', 1007);
INSERT INTO FAKTURY (FA_ID, FA_NUMER, FA_DATA_WYSTAWIENIA, FA_OPIS, FA_KOD_KLIENTA) VALUES (8, 'F008', DATE '2024-01-08', 'Dostawa sprzętu', 1008);
INSERT INTO FAKTURY (FA_ID, FA_NUMER, FA_DATA_WYSTAWIENIA, FA_OPIS, FA_KOD_KLIENTA) VALUES (9, 'F009', DATE '2024-01-09', 'Usługi doradcze', 1009);
INSERT INTO FAKTURY (FA_ID, FA_NUMER, FA_DATA_WYSTAWIENIA, FA_OPIS, FA_KOD_KLIENTA) VALUES (10, 'F010', DATE '2024-01-10', 'Abonament', 1010);

-- Wstawienie danych do tabeli TOWARY
INSERT INTO TOWARY (TOW_ID, TOW_NAZWA, TOW_CENA, TOW_PODATEK, TOW_JAKOSC) VALUES (1, 'Laptop', 4500, 23, 'A');
INSERT INTO TOWARY (TOW_ID, TOW_NAZWA, TOW_CENA, TOW_PODATEK, TOW_JAKOSC) VALUES (2, 'Monitor', 1200, 23, 'B');
INSERT INTO TOWARY (TOW_ID, TOW_NAZWA, TOW_CENA, TOW_PODATEK, TOW_JAKOSC) VALUES (3, 'Klawiatura', 200, 23, 'A');
INSERT INTO TOWARY (TOW_ID, TOW_NAZWA, TOW_CENA, TOW_PODATEK, TOW_JAKOSC) VALUES (4, 'Mysz', 150, 23, 'A');
INSERT INTO TOWARY (TOW_ID, TOW_NAZWA, TOW_CENA, TOW_PODATEK, TOW_JAKOSC) VALUES (5, 'Drukarka', 900, 23, 'B');
INSERT INTO TOWARY (TOW_ID, TOW_NAZWA, TOW_CENA, TOW_PODATEK, TOW_JAKOSC) VALUES (6, 'Tablet', 1500, 23, 'A');
INSERT INTO TOWARY (TOW_ID, TOW_NAZWA, TOW_CENA, TOW_PODATEK, TOW_JAKOSC) VALUES (7, 'Router', 300, 23, 'A');
INSERT INTO TOWARY (TOW_ID, TOW_NAZWA, TOW_CENA, TOW_PODATEK, TOW_JAKOSC) VALUES (8, 'Pendrive 128GB', 100, 23, 'A');
INSERT INTO TOWARY (TOW_ID, TOW_NAZWA, TOW_CENA, TOW_PODATEK, TOW_JAKOSC) VALUES (9, 'Kabel HDMI', 50, 23, 'A');
INSERT INTO TOWARY (TOW_ID, TOW_NAZWA, TOW_CENA, TOW_PODATEK, TOW_JAKOSC) VALUES (10, 'Głośniki', 250, 23, 'B');

-- Wstawienie danych do tabeli POZYCJE_FAKTUR
INSERT INTO POZYCJE_FAKTUR (PF_ID, PF_LP, PF_ILOSC, PF_FA_ID, PF_TOW_ID) VALUES (1, 1, 1, 1, 1);
INSERT INTO POZYCJE_FAKTUR (PF_ID, PF_LP, PF_ILOSC, PF_FA_ID, PF_TOW_ID) VALUES (2, 2, 2, 1, 2);
INSERT INTO POZYCJE_FAKTUR (PF_ID, PF_LP, PF_ILOSC, PF_FA_ID, PF_TOW_ID) VALUES (3, 1, 1, 2, 3);
INSERT INTO POZYCJE_FAKTUR (PF_ID, PF_LP, PF_ILOSC, PF_FA_ID, PF_TOW_ID) VALUES (4, 1, 3, 3, 4);
INSERT INTO POZYCJE_FAKTUR (PF_ID, PF_LP, PF_ILOSC, PF_FA_ID, PF_TOW_ID) VALUES (5, 2, 2, 3, 5);
INSERT INTO POZYCJE_FAKTUR (PF_ID, PF_LP, PF_ILOSC, PF_FA_ID, PF_TOW_ID) VALUES (6, 1, 1, 4, 6);
INSERT INTO POZYCJE_FAKTUR (PF_ID, PF_LP, PF_ILOSC, PF_FA_ID, PF_TOW_ID) VALUES (7, 2, 5, 5, 7);
INSERT INTO POZYCJE_FAKTUR (PF_ID, PF_LP, PF_ILOSC, PF_FA_ID, PF_TOW_ID) VALUES (8, 1, 1, 6, 8);
INSERT INTO POZYCJE_FAKTUR (PF_ID, PF_LP, PF_ILOSC, PF_FA_ID, PF_TOW_ID) VALUES (9, 2, 3, 7, 9);
INSERT INTO POZYCJE_FAKTUR (PF_ID, PF_LP, PF_ILOSC, PF_FA_ID, PF_TOW_ID) VALUES (10, 1, 2, 8, 10);

COMMIT;
